tv,103
4k,55
uhd,44
smart,42
led,36
hd,35
ultra,23
65-inch,17
55-inch,16
full,15
android,13
skyworth,11
50-inch,11
qled,9
40-inch,9
75-inch,8
49-inch,7
32-inch,7
43-inch,7
hdr,7
oled,5
pro,5
slim,5
ru7100,5
x70f,4
q60r,4
|,3
senheng,3
45-inch,3
q75r,3
'',3
x85f,3
ru7400,3
-,3
x75f,2
easy,2
theatre,2
60-inch,2
curved,2
70-inch,2
32pht4002/98,2
high,2
q90r,2
dynamic,2
range,2
premium,2
basic,2
haier,2
n5000,2
â€“,2
ru8000,2
series,2
8k,2
resolution,2
4000,2
with,1
40,1
internet,1
24-inch,1
pen-pled3211t,1
43pft4002s/98,1
50,1
55,1
82-inch,1
in,1
70,1
50a6501uw,1
a6501,1
50a6100uw,1
a6100,1
mag27c,1
optix,1
monitor,1
gaming,1
27-inch,1
rasy,1
th-75fx750k,1
th-55fz950k,1
th-55fx600k,1
th-65fz950k,1
ledtv,1
nu7100,1
ua65nu7100kxxm,1
kd-65a8f,1
kd-55a8f,1
85-inch,1
40l5650vm,1
nu7300,1
